{"cameraMode":{"drawMode":0,"name":"Shaded","section":"Shading Mode"},"sceneLighting":false,"audioPlay":false,"sceneViewState":{"showFog":true,"showMaterialUpdate":false,"showSkybox":false,"showFlares":true,"showImageEffects":true,"showParticleSystems":true},"in2DMode":false,"pivot":{"x":-13.63205337524414,"y":-13.499065399169922,"z":-6.182025909423828},"rotation":{"x":-0.08037163317203522,"y":-0.8981903195381165,"z":0.18469633162021638,"w":-0.3907957673072815},"size":119.8296890258789,"orthographic":false}