{"cameraMode":{"drawMode":0,"name":"Shaded","section":"Shading Mode"},"sceneLighting":false,"audioPlay":false,"sceneViewState":{"showFog":true,"showMaterialUpdate":false,"showSkybox":false,"showFlares":true,"showImageEffects":true,"showParticleSystems":true},"in2DMode":false,"pivot":{"x":-1.5409173965454102,"y":0.6236065626144409,"z":-0.39981746673583987},"rotation":{"x":-0.07354391366243363,"y":0.5122663378715515,"z":-0.04402022436261177,"w":-0.8546472191810608},"size":10.781031608581543,"orthographic":false}